Type,Name,Request Count,Failure Count,Median Response Time,Average Response Time,Min Response Time,Max Response Time,Average Content Size,Requests/s,Failures/s,50%,66%,75%,80%,90%,95%,98%,99%,99.9%,99.99%,100%
POST,/realms/test-realm/protocol/openid-connect/token,31918,0,8,10.158720997517332,4.344199987826869,1262.69069997943,2457.0,356.9378283440979,0.0,8,9,10,10,12,15,27,48,290,1300,1300
,Aggregated,31918,0,8,10.158720997517332,4.344199987826869,1262.69069997943,2457.0,356.9378283440979,0.0,8,9,10,10,12,15,27,48,290,1300,1300
