Type,Name,Request Count,Failure Count,Median Response Time,Average Response Time,Min Response Time,Max Response Time,Average Content Size,Requests/s,Failures/s,50%,66%,75%,80%,90%,95%,98%,99%,99.9%,99.99%,100%
POST,/realms/test-realm/protocol/openid-connect/token,4328,0,9,22.810918623019894,5.571899993810803,2924.6299999940675,2457.0,73.00592295988075,0.0,9,9,10,11,13,16,27,36,2900,2900,2900
,Aggregated,4328,0,9,22.810918623019894,5.571899993810803,2924.6299999940675,2457.0,73.00592295988075,0.0,9,9,10,11,13,16,27,36,2900,2900,2900
